imdb_title_id,original_title,year,genre,duration,director,writer,production_company,actors,description,avg_vote,votes
tt0111161,The Shawshank Redemption,1994,Drama,142,Frank Darabont,"Stephen King, Frank Darabont",Castle Rock Entertainment,"Tim Robbins, Morgan Freeman, Bob Gunton, William Sadler, Clancy Brown, Gil Bellows, Mark Rolston, James Whitmore, Jeffrey DeMunn, Larry Brandenburg, Neil Giuntoli, Brian Libby, David Proval, Joseph Ragno, Jude Ciccolella","Two imprisoned men bond over a number of years, finding solace and eventual redemption through acts of common decency.",9.3,2278845
tt0068646,The Godfather,1972,"Crime, Drama",175,Francis Ford Coppola,"Mario Puzo, Francis Ford Coppola",Paramount Pictures,"Marlon Brando, Al Pacino, James Caan, Richard S. Castellano, Robert Duvall, Sterling Hayden, John Marley, Richard Conte, Al Lettieri, Diane Keaton, Abe Vigoda, Talia Shire, Gianni Russo, John Cazale, Rudy Bond",The aging patriarch of an organized crime dynasty transfers control of his clandestine empire to his reluctant son.,9.2,1572674
tt0071562,The Godfather: Part II,1974,"Crime, Drama",202,Francis Ford Coppola,"Francis Ford Coppola, Mario Puzo",Paramount Pictures,"Al Pacino, Robert Duvall, Diane Keaton, Robert De Niro, John Cazale, Talia Shire, Lee Strasberg, Michael V. Gazzo, G.D. Spradlin, Richard Bright, Gastone Moschin, Tom Rosqui, Bruno Kirby, Frank Sivero, Francesca De Sapio","The early life and career of Vito Corleone in 1920s New York City is portrayed, while his son, Michael, expands and tightens his grip on the family crime syndicate.",9,1098714
tt0468569,The Dark Knight,2008,"Action, Crime, Drama",152,Christopher Nolan,"Jonathan Nolan, Christopher Nolan",Warner Bros.,"Christian Bale, Heath Ledger, Aaron Eckhart, Michael Caine, Maggie Gyllenhaal, Gary Oldman, Morgan Freeman, Monique Gabriela Curnen, Ron Dean, Cillian Murphy, Chin Han, Nestor Carbonell, Eric Roberts, Ritchie Coster, Anthony Michael Hall","When the menace known as the Joker wreaks havoc and chaos on the people of Gotham, Batman must accept one of the greatest psychological and physical tests of his ability to fight injustice.",9,2241615
tt0050083,12 Angry Men,1957,"Crime, Drama",96,Sidney Lumet,"Reginald Rose, Reginald Rose",Orion-Nova Productions,"Martin Balsam, John Fiedler, Lee J. Cobb, E.G. Marshall, Jack Klugman, Edward Binns, Jack Warden, Henry Fonda, Joseph Sweeney, Ed Begley, George Voskovec, Robert Webber",A jury holdout attempts to prevent a miscarriage of justice by forcing his colleagues to reconsider the evidence.,8.9,668473
tt0108052,Schindler's List,1993,"Biography, Drama, History",195,Steven Spielberg,"Thomas Keneally, Steven Zaillian",Universal Pictures,"Liam Neeson, Ben Kingsley, Ralph Fiennes, Caroline Goodall, Jonathan Sagall, Embeth Davidtz, Malgorzata Gebel, Shmuel Levy, Mark Ivanir, Béatrice Macola, Andrzej Seweryn, Friedrich von Thun, Krzysztof Luft, Harry Nehring, Norbert Weisser","In German-occupied Poland during World War II, industrialist",8.9,1183248
tt0110912,Pulp Fiction,1994,"Crime, Drama",154,Quentin Tarantino,"Quentin Tarantino, Roger Avary",Miramax,"Tim Roth, Amanda Plummer, Laura Lovelace, John Travolta, Samuel L. Jackson, Phil LaMarr, Frank Whaley, Burr Steers, Bruce Willis, Ving Rhames, Paul Calderon, Bronagh Gallagher, Rosanna Arquette, Eric Stoltz, Uma Thurman","The lives of two mob hitmen, a boxer, a gangster and his wife, and a pair of diner bandits intertwine in four tales of violence and redemption.",8.9,1780147
tt0167260,The Lord of the Rings: The Return of the King,2003,"Action, Adventure, Drama",201,Peter Jackson,"J.R.R. Tolkien, Fran Walsh",New Line Cinema,"Noel Appleby, Ali Astin, Sean Astin, David Aston, John Bach, Sean Bean, Cate Blanchett, Orlando Bloom, Billy Boyd, Sadwyn Brophy, Alistair Browning, Marton Csokas, Richard Edge, Jason Fitch, Bernard Hill",Gandalf and Aragorn lead the World of Men against Sauron's army to draw his gaze from Frodo and Sam as they approach Mount Doom with the One Ring.,8.9,1604280
tt0060196,"Il buono, il brutto, il cattivo",1966,Western,161,Sergio Leone,"Luciano Vincenzoni, Sergio Leone",Produzioni Europee Associate (PEA),"Eli Wallach, Clint Eastwood, Lee Van Cleef, Aldo Giuffrè, Luigi Pistilli, Rada Rassimov, Enzo Petito, Claudio Scarchilli, John Bartha, Livio Lorenzon, Antonio Casale, Sandro Scarchilli, Benito Stefanelli, Angelo Novi, Antonio Casas",A bounty hunting scam joins two men in an uneasy alliance against a third in a race to find a fortune in gold buried in a remote cemetery.,8.8,672499
tt0109830,Forrest Gump,1994,"Drama, Romance",142,Robert Zemeckis,"Winston Groom, Eric Roth",Paramount Pictures,"Tom Hanks, Rebecca Williams, Sally Field, Michael Conner Humphreys, Harold G. Herthum, George Kelly, Bob Penny, John Randall, Sam Anderson, Margo Moorer, Ione M. Telech, Christine Seabrook, John Worsham, Peter Dobson, Siobhan Fallon Hogan","The presidencies of Kennedy and Johnson, the events of Vietnam, Watergate and other historical events unfold through the perspective of an Alabama man with an IQ of 75, whose only desire is to be reunited with his childhood sweetheart.",8.8,1755490
tt0120737,The Lord of the Rings: The Fellowship of the Ring,2001,"Action, Adventure, Drama",178,Peter Jackson,"J.R.R. Tolkien, Fran Walsh",New Line Cinema,"Alan Howard, Noel Appleby, Sean Astin, Sala Baker, Sean Bean, Cate Blanchett, Orlando Bloom, Billy Boyd, Marton Csokas, Megan Edwards, Michael Elsworth, Mark Ferguson, Ian Holm, Christopher Lee, Lawrence Makoare",A meek Hobbit from the Shire and eight companions set out on a journey to destroy the powerful One Ring and save Middle-earth from the Dark Lord Sauron.,8.8,1619920
tt0137523,Fight Club,1999,Drama,139,David Fincher,"Chuck Palahniuk, Jim Uhls",Fox 2000 Pictures,"Edward Norton, Brad Pitt, Meat Loaf, Zach Grenier, Richmond Arquette, David Andrews, George Maguire, Eugenie Bondurant, Helena Bonham Carter, Christina Cabot, Sydney 'Big Dawg' Colston, Rachel Singer, Christie Cronenweth, Tim DeZarn, Ezra Buzzington","An insomniac office worker and a devil-may-care soapmaker form an underground fight club that evolves into something much, much more.",8.8,1807440
tt1375666,Inception,2010,"Action, Adventure, Sci-Fi",148,Christopher Nolan,Christopher Nolan,Warner Bros.,"Leonardo DiCaprio, Joseph Gordon-Levitt, Ellen Page, Tom Hardy, Ken Watanabe, Dileep Rao, Cillian Murphy, Tom Berenger, Marion Cotillard, Pete Postlethwaite, Michael Caine, Lukas Haas, Tai-Li Lee, Claire Geare, Magnus Nolan",A thief who steals corporate secrets through the use of dream-sharing technology is given the inverse task of planting an idea into the mind of a C.E.O.,8.8,2002816
tt5813916,Dag II,2016,"Action, Drama, War",135,Alper Caglar,Alper Caglar,3leven,"Caglar Ertugrul, Ufuk Bayraktar, Ahu Türkpençe, Murat Serezli, Atilgan Gümüs, Murat Arkin, Armagan Oguz, Ahmet Pinar, Açelya Özcan, Bedii Akin, Eylül Arular, Buse Varol, Ozan Agaç, Emir Benderlioglu, Ender Arular","In a desolate war zone where screams of the innocent echo, seven Maroon Berets will dance with death on the very line between disaster and valor.",8.8,103949
tt8110330,Dil Bechara,2020,"Comedy, Drama, Romance",101,Mukesh Chhabra,"Shashank Khaitan, Suprotim Sengupta",Fox STAR Studios,"Sushant Singh Rajput, Sanjana Sanghi, Sahil Vaid, Saswata Chatterjee, Swastika Mukherjee, Sunit Tandon, Saif Ali Khan, Michael Muthu, Rajie Vijay Sarathi, Subbalakshmi, Franaita Jijana, Durgesh Kumar, Salone Mehta, Anandita Sarkar, Nimisha Dean","The emotional journey of two hopelessly in love youngsters, a young girl, Kizie, suffering from cancer, and a boy, Manny, whom she meets at a support group.",8.8,101686
tt0073486,One Flew Over the Cuckoo's Nest,1975,Drama,133,Milos Forman,"Lawrence Hauben, Bo Goldman",Fantasy Films,"Jack Nicholson, Louise Fletcher, Will Sampson, Michael Berryman, Alonzo Brown, Peter Brocco, Scatman Crothers, Dean R. Brooks, Mwako Cumbuka, Danny DeVito, William Duell, Josip Elic, Lan Fendors, Nathan George, Ken Kenny","A criminal pleads insanity and is admitted to a mental institution, where he rebels against the oppressive nurse and rallies up the scared patients.",8.7,891071
tt0080684,Star Wars: Episode V - The Empire Strikes Back,1980,"Action, Adventure, Fantasy",124,Irvin Kershner,"Leigh Brackett, Lawrence Kasdan",Lucasfilm,"Mark Hamill, Harrison Ford, Carrie Fisher, Billy Dee Williams, Anthony Daniels, David Prowse, Peter Mayhew, Kenny Baker, Frank Oz, Alec Guinness, Jeremy Bulloch, John Hollis, Jack Purvis, Des Webb, Clive Revill","After the Rebels are brutally overpowered by the Empire on the ice planet Hoth, Luke Skywalker begins Jedi training with Yoda, while his friends are pursued by Darth Vader and a bounty hunter named Boba Fett all over the galaxy.",8.7,1132073
tt0099685,Goodfellas,1990,"Biography, Crime, Drama",146,Martin Scorsese,"Nicholas Pileggi, Nicholas Pileggi",Warner Bros.,"Robert De Niro, Ray Liotta, Joe Pesci, Lorraine Bracco, Paul Sorvino, Frank Sivero, Tony Darrow, Mike Starr, Frank Vincent, Chuck Low, Frank DiLeo, Henny Youngman, Gina Mastrogiacomo, Catherine Scorsese, Charles Scorsese",The story of,8.7,991505
tt0133093,The Matrix,1999,"Action, Sci-Fi",136,"Lana Wachowski, Lilly Wachowski","Lilly Wachowski, Lana Wachowski",Warner Bros.,"Keanu Reeves, Laurence Fishburne, Carrie-Anne Moss, Hugo Weaving, Gloria Foster, Joe Pantoliano, Marcus Chong, Julian Arahanga, Matt Doran, Belinda McClory, Anthony Ray Parker, Paul Goddard, Robert Taylor, David Aston, Marc Aden Gray",A computer hacker learns from mysterious rebels about the true nature of his reality and his role in the war against its controllers.,8.7,1632315
tt0167261,The Lord of the Rings: The Two Towers,2002,"Action, Adventure, Drama",179,Peter Jackson,"J.R.R. Tolkien, Fran Walsh",New Line Cinema,"Bruce Allpress, Sean Astin, John Bach, Sala Baker, Cate Blanchett, Orlando Bloom, Billy Boyd, Jed Brophy, Sam Comery, Brad Dourif, Calum Gittins, Bernard Hill, Bruce Hopkins, Paris Howe Strewe, Christopher Lee","While Frodo and Sam edge closer to Mordor with the help of the shifty Gollum, the divided fellowship makes a stand against Sauron's new ally, Saruman, and his hordes of Isengard.",8.7,1449778
tt0038650,It's a Wonderful Life,1946,"Drama, Family, Fantasy",130,Frank Capra,"Frances Goodrich, Albert Hackett",Liberty Films (II),"James Stewart, Donna Reed, Lionel Barrymore, Thomas Mitchell, Henry Travers, Beulah Bondi, Frank Faylen, Ward Bond, Gloria Grahame, H.B. Warner, Frank Albertson, Todd Karns, Samuel S. Hinds, Mary Treen, Virginia Patton",An angel is sent from Heaven to help a desperately frustrated businessman by showing him what life would have been like if he had never existed.,8.6,388310
tt0047478,Shichinin no samurai,1954,"Action, Adventure, Drama",207,Akira Kurosawa,"Akira Kurosawa, Shinobu Hashimoto",Toho Company,"Toshirô Mifune, Takashi Shimura, Keiko Tsushima, Yukiko Shimazaki, Kamatari Fujiwara, Daisuke Katô, Isao Kimura, Minoru Chiaki, Seiji Miyaguchi, Yoshio Kosugi, Bokuzen Hidari, Yoshio Inaba, Yoshio Tsuchiya, Kokuten Kôdô, Eijirô Tôno",A poor village under attack by bandits recruits seven unemployed samurai to help them defend themselves.,8.6,307958
tt0076759,Star Wars,1977,"Action, Adventure, Fantasy",121,George Lucas,George Lucas,Lucasfilm,"Mark Hamill, Harrison Ford, Carrie Fisher, Peter Cushing, Alec Guinness, Anthony Daniels, Kenny Baker, Peter Mayhew, David Prowse, Phil Brown, Shelagh Fraser, Jack Purvis, Alex McCrindle, Eddie Byrne, Drewe Henley","Luke Skywalker joins forces with a Jedi Knight, a cocky pilot, a Wookiee and two droids to save the galaxy from the Empire's world-destroying battle station, while also attempting to rescue Princess Leia from the mysterious Darth Vader.",8.6,1204107
tt0102926,The Silence of the Lambs,1991,"Crime, Drama, Thriller",118,Jonathan Demme,"Thomas Harris, Ted Tally",Strong Heart/Demme Production,"Jodie Foster, Lawrence A. Bonney, Kasi Lemmons, Lawrence T. Wrentz, Scott Glenn, Anthony Heald, Frankie Faison, Don Brockett, Frank Seals Jr., Stuart Rudin, Anthony Hopkins, Maria Skorobogatov, Jeffrie Lane, Leib Lensky, George 'Red' Schwartz","A young F.B.I. cadet must receive the help of an incarcerated and manipulative cannibal killer to help catch another serial killer, a madman who skins his victims.",8.6,1234134
tt0114369,Se7en,1995,"Crime, Drama, Mystery",127,David Fincher,Andrew Kevin Walker,Cecchi Gori Pictures,"Morgan Freeman, Andrew Kevin Walker, Daniel Zacapa, Brad Pitt, Gwyneth Paltrow, John Cassini, Bob Mack, Peter Crombie, Reg E. Cathey, R. Lee Ermey, George Christy, Endre Hules, Hawthorne James, William Davidson, Bob Collins","Two detectives, a rookie and a veteran, hunt a serial killer who uses the seven deadly sins as his motives.",8.6,1402015
tt0118799,La vita è bella,1997,"Comedy, Drama, Romance",116,Roberto Benigni,"Vincenzo Cerami, Roberto Benigni",Melampo Cinematografica,"Roberto Benigni, Nicoletta Braschi, Giorgio Cantarini, Giustino Durano, Sergio Bini Bustric, Marisa Paredes, Horst Buchholz, Lidia Alfonsi, Giuliana Lojodice, Amerigo Fontani, Pietro De Silva, Francesco Guzzo, Raffaella Lebboroni, Claudio Alfonsi, Gil Baroni","When an open-minded Jewish librarian and his son become victims of the Holocaust, he uses a perfect mixture of will, humor, and imagination to protect his son from the dangers around their camp.",8.6,605648
tt0120689,The Green Mile,1999,"Crime, Drama, Fantasy",189,Frank Darabont,"Stephen King, Frank Darabont",Castle Rock Entertainment,"Tom Hanks, David Morse, Bonnie Hunt, Michael Clarke Duncan, James Cromwell, Michael Jeter, Graham Greene, Doug Hutchison, Sam Rockwell, Barry Pepper, Jeffrey DeMunn, Patricia Clarkson, Harry Dean Stanton, Dabbs Greer, Eve Brent","The lives of guards on Death Row are affected by one of their charges: a black man accused of child murder and rape, yet who has a mysterious gift.",8.6,1112336
tt0120815,Saving Private Ryan,1998,"Drama, War",169,Steven Spielberg,Robert Rodat,DreamWorks,"Tom Hanks, Tom Sizemore, Edward Burns, Barry Pepper, Adam Goldberg, Vin Diesel, Giovanni Ribisi, Jeremy Davies, Matt Damon, Ted Danson, Paul Giamatti, Dennis Farina, Joerg Stadler, Max Martini, Dylan Bruno","Following the Normandy Landings, a group of U.S. soldiers go behind enemy lines to retrieve a paratrooper whose brothers have been killed in action.",8.6,1203825
tt0245429,Sen to Chihiro no kamikakushi,2001,"Animation, Adventure, Family",125,Hayao Miyazaki,Hayao Miyazaki,Tokuma Shoten,"Rumi Hiiragi, Miyu Irino, Mari Natsuki, Takashi Naitô, Yasuko Sawaguchi, Tatsuya Gashûin, Ryûnosuke Kamiki, Yumi Tamai, Yô Ôizumi, Koba Hayashi, Tsunehiko Kamijô, Takehiko Ono, Bunta Sugawara, Shigeru Wakita, Shirô Saitô","During her family's move to the suburbs, a sullen 10-year-old girl wanders into a world ruled by gods, witches, and spirits, and where humans are changed into beasts.",8.6,626693
tt0317248,Cidade de Deus,2002,"Crime, Drama",130,"Fernando Meirelles, Kátia Lund","Paulo Lins, Bráulio Mantovani",O2 Filmes,"Alexandre Rodrigues, Leandro Firmino, Phellipe Haagensen, Douglas Silva, Jonathan Haagensen, Matheus Nachtergaele, Seu Jorge, Jefechander Suplino, Alice Braga, Emerson Gomes, Edson Oliveira, Michel Gomes, Roberta Rodrigues, Luis Otávio, Kiko Marques","In the slums of Rio, two kids' paths diverge as one struggles to become a photographer and the other a kingpin.",8.6,685856
tt0816692,Interstellar,2014,"Adventure, Drama, Sci-Fi",169,Christopher Nolan,"Jonathan Nolan, Christopher Nolan",Paramount Pictures,"Ellen Burstyn, Matthew McConaughey, Mackenzie Foy, John Lithgow, Timothée Chalamet, David Oyelowo, Collette Wolfe, Francis X. McCarthy, Bill Irwin, Anne Hathaway, Andrew Borba, Wes Bentley, William Devane, Michael Caine, David Gyasi",A team of explorers travel through a wormhole in space in an attempt to ensure humanity's survival.,8.6,1449256
tt6751668,Gisaengchung,2019,"Comedy, Drama, Thriller",132,Bong Joon Ho,"Bong Joon Ho, Bong Joon Ho",Barunson E&A,"Kang-ho Song, Sun-kyun Lee, Yeo-jeong Jo, Woo-sik Choi, So-dam Park, Jeong-eun Lee, Hye-jin Jang, Myeong-hoon Park, Ji-so Jung, Hyun-jun Jung, Keun-rok Park, Jeong Esuz, Jo Jae-Myeong, Ik-han Jung, Kim Gyu Baek",Greed and class discrimination threaten the newly formed symbiotic relationship between the wealthy Park family and the destitute Kim clan.,8.6,470931
tt0021749,City Lights,1931,"Comedy, Drama, Romance",87,Charles Chaplin,Charles Chaplin,Charles Chaplin Productions,"Virginia Cherrill, Florence Lee, Harry Myers, Al Ernest Garcia, Hank Mann, Charles Chaplin","With the aid of a wealthy erratic tippler, a dewy-eyed tramp who has fallen in love with a sightless flower girl accumulates money to be able to help her medically.",8.5,162668
tt0027977,Modern Times,1936,"Comedy, Drama, Family",87,Charles Chaplin,Charles Chaplin,Charles Chaplin Productions,"Charles Chaplin, Paulette Goddard, Henry Bergman, Tiny Sandford, Chester Conklin, Hank Mann, Stanley Blystone, Al Ernest Garcia, Richard Alexander, Cecil Reynolds, Mira McKinney, Murdock MacQuarrie, Wilfred Lucas, Edward LeSaint, Fred Malatesta",The Tramp struggles to live in modern industrial society with the help of a young homeless woman.,8.5,211250
tt0034583,Casablanca,1942,"Drama, Romance, War",102,Michael Curtiz,"Julius J. Epstein, Philip G. Epstein",Warner Bros.,"Humphrey Bogart, Ingrid Bergman, Paul Henreid, Claude Rains, Conrad Veidt, Sydney Greenstreet, Peter Lorre, S.Z. Sakall, Madeleine Lebeau, Dooley Wilson, Joy Page, John Qualen, Leonid Kinskey, Curt Bois",A cynical American expatriate struggles to decide whether or not he should help his former lover and her fugitive husband escape French Morocco.,8.5,509953
tt0054215,Psycho,1960,"Horror, Mystery, Thriller",109,Alfred Hitchcock,"Joseph Stefano, Robert Bloch",Shamley Productions,"Anthony Perkins, Vera Miles, John Gavin, Janet Leigh, Martin Balsam, John McIntire, Simon Oakland, Frank Albertson, Patricia Hitchcock, Vaughn Taylor, Lurene Tuttle, John Anderson, Mort Mills","A Phoenix secretary embezzles $40,000 from her employer's client, goes on the run, and checks into a remote motel run by a young man under the domination of his mother.",8.5,586765
tt0064116,C'era una volta il West,1968,Western,165,Sergio Leone,"Sergio Donati, Sergio Leone",Rafran Cinematografica,"Claudia Cardinale, Henry Fonda, Jason Robards, Charles Bronson, Gabriele Ferzetti, Paolo Stoppa, Woody Strode, Jack Elam, Keenan Wynn, Frank Wolff, Lionel Stander",A mysterious stranger with a harmonica joins forces with a notorious desperado to protect a beautiful widow from a ruthless assassin working for the railroad.,8.5,295220
tt0088763,Back to the Future,1985,"Adventure, Comedy, Sci-Fi",116,Robert Zemeckis,"Robert Zemeckis, Bob Gale",Universal Pictures,"Michael J. Fox, Christopher Lloyd, Lea Thompson, Crispin Glover, Thomas F. Wilson, Claudia Wells, Marc McClure, Wendie Jo Sperber, George DiCenzo, Frances Lee McCain, James Tolkan, J.J. Cohen, Casey Siemaszko, Billy Zane, Harry Waters Jr.","Marty McFly, a 17-year-old high school student, is accidentally sent thirty years into the past in a time-traveling DeLorean invented by his close friend, the eccentric scientist Doc Brown.",8.5,1027330
tt0095327,Hotaru no haka,1988,"Animation, Drama, War",89,Isao Takahata,"Akiyuki Nosaka, Isao Takahata",Shinchosha Company,"Tsutomu Tatsumi, Ayano Shiraishi, Yoshiko Shinohara, Akemi Yamaguchi, Tadashi Nakamura, Marcy Bannor, Shelley Calene-Black, Luci Christian, Shannon Conley, Justin Doran, Crispin Freeman, Adam Gibbs, Dan Green, Amy Jones, Susan O. Koozin",A young boy and his little sister struggle to survive in Japan during World War II.,8.5,225438
tt0095765,Nuovo Cinema Paradiso,1988,Drama,155,Giuseppe Tornatore,"Giuseppe Tornatore, Giuseppe Tornatore",Cristaldifilm,"Antonella Attili, Enzo Cannavale, Isa Danieli, Leo Gullotta, Marco Leonardi, Pupella Maggio, Agnese Nano, Leopoldo Trieste, Salvatore Cascio, Tano Cimarosa, Nicola Di Pinto, Roberta Lena, Nino Terzo, Jacques Perrin, Philippe Noiret",A filmmaker recalls his childhood when falling in love with the pictures at the cinema of his home village and forms a deep friendship with the cinema's projectionist.,8.5,223050
tt0103064,Terminator 2: Judgment Day,1991,"Action, Sci-Fi",137,James Cameron,"James Cameron, William Wisher",Carolco Pictures,"Arnold Schwarzenegger, Linda Hamilton, Edward Furlong, Robert Patrick, Earl Boen, Joe Morton, S. Epatha Merkerson, Castulo Guerra, Danny Cooksey, Jenette Goldstein, Xander Berkeley, Leslie Hamilton Gearren, Ken Gibbel, Robert Winley, Peter Schrum","A cyborg, identical to the one who failed to kill Sarah Connor, must now protect her teenage son, John Connor, from a more advanced and powerful cyborg.",8.5,974970
tt0110357,The Lion King,1994,"Animation, Adventure, Drama",88,"Roger Allers, Rob Minkoff","Irene Mecchi, Jonathan Roberts",Walt Disney Pictures,"Rowan Atkinson, Matthew Broderick, Niketa Calame-Harris, Jim Cummings, Whoopi Goldberg, Robert Guillaume, Jeremy Irons, James Earl Jones, Moira Kelly, Nathan Lane, Zoe Leader, Cheech Marin, Ernie Sabella, Madge Sinclair, Jonathan Taylor Thomas","Lion prince Simba and his father are targeted by his bitter uncle, who wants to ascend the throne himself.",8.5,917248
tt0110413,Léon,1994,"Action, Crime, Drama",110,Luc Besson,Luc Besson,Gaumont,"Jean Reno, Gary Oldman, Natalie Portman, Danny Aiello, Peter Appel, Willi One Blood, Don Creech, Keith A. Glascoe, Randolph Scott, Michael Badalucco, Ellen Greene, Elizabeth Regen, Carl J. Matusovich, Frank Senger, Lucius Wyatt Cherokee","Mathilda, a 12-year-old girl, is reluctantly taken in by Léon, a professional assassin, after her family is murdered. An unusual relationship forms as she becomes his protégée and learns the assassin's trade.",8.5,1007598
tt0114814,The Usual Suspects,1995,"Crime, Mystery, Thriller",106,Bryan Singer,Christopher McQuarrie,PolyGram Filmed Entertainment,"Stephen Baldwin, Gabriel Byrne, Benicio Del Toro, Kevin Pollak, Kevin Spacey, Chazz Palminteri, Pete Postlethwaite, Suzy Amis, Giancarlo Esposito, Dan Hedaya, Paul Bartel, Carl Bressler, Phillipe Simon, Jack Shearer, Christine Estabrook","A sole survivor tells of the twisty events leading up to a horrific gun battle on a boat, which began when five criminals met at a seemingly random police lineup.",8.5,968947
tt0120586,American History X,1998,Drama,119,Tony Kaye,David McKenna,New Line Cinema,"Edward Norton, Edward Furlong, Beverly D'Angelo, Jennifer Lien, Ethan Suplee, Fairuza Balk, Avery Brooks, Elliott Gould, Stacy Keach, William Russ, Guy Torry, Joe Cortese, Jason Bose Smith, Antonio David Lyons, Alex Sol",A former neo-nazi skinhead tries to prevent his younger brother from going down the same wrong path that he did.,8.5,1014218
tt0172495,Gladiator,2000,"Action, Adventure, Drama",155,Ridley Scott,"David Franzoni, David Franzoni",DreamWorks,"Russell Crowe, Joaquin Phoenix, Connie Nielsen, Oliver Reed, Richard Harris, Derek Jacobi, Djimon Hounsou, David Schofield, John Shrapnel, Tomas Arana, Ralf Moeller, Spencer Treat Clark, David Hemmings, Tommy Flanagan, Sven-Ole Thorsen",A former Roman General sets out to exact vengeance against the corrupt emperor who murdered his family and sent him into slavery.,8.5,1308193
tt0253474,The Pianist,2002,"Biography, Drama, Music",150,Roman Polanski,"Ronald Harwood, Wladyslaw Szpilman",R.P. Productions,"Adrien Brody, Emilia Fox, Michal Zebrowski, Ed Stoppard, Maureen Lipman, Frank Finlay, Jessica Kate Meyer, Julia Rayner, Wanja Mues, Richard Ridings, Nomi Sharron, Anthony Milner, Lucy Skeaping, Roddy Skeaping, Ben Harlan",A Polish Jewish musician struggles to survive the destruction of the Warsaw ghetto of World War II.,8.5,707942
tt0407887,The Departed,2006,"Crime, Drama, Thriller",151,Martin Scorsese,"William Monahan, Alan Mak",Warner Bros.,"Leonardo DiCaprio, Matt Damon, Jack Nicholson, Mark Wahlberg, Martin Sheen, Ray Winstone, Vera Farmiga, Anthony Anderson, Alec Baldwin, Kevin Corrigan, James Badge Dale, David O'Hara, Mark Rolston, Robert Wahlberg, Kristen Dalton",An undercover cop and a mole in the police attempt to identify each other while infiltrating an Irish gang in South Boston.,8.5,1159703
tt0482571,The Prestige,2006,"Drama, Mystery, Sci-Fi",130,Christopher Nolan,"Jonathan Nolan, Christopher Nolan",Touchstone Pictures,"Hugh Jackman, Christian Bale, Michael Caine, Piper Perabo, Rebecca Hall, Scarlett Johansson, Samantha Mahurin, David Bowie, Andy Serkis, Daniel Davis, Jim Piddock, Christopher Neame, Mark Ryan, Roger Rees, Jamie Harris","After a tragic accident, two stage magicians engage in a battle to create the ultimate illusion while sacrificing everything they have to outwit each other.",8.5,1155723
tt1675434,Intouchables,2011,"Biography, Comedy, Drama",112,"Olivier Nakache, Éric Toledano","Olivier Nakache, Philippe Pozzo di Borgo",Quad Productions,"François Cluzet, Omar Sy, Anne Le Ny, Audrey Fleurot, Joséphine de Meaux, Clotilde Mollet, Alba Gaïa Bellugi, Cyril Mendy, Salimata Kamate, Absa Diatou Toure, Grégoire Oestermann, Dominique Daguier, François Caron, Christian Ameri, Thomas Solivérès","After he becomes a quadriplegic from a paragliding accident, an aristocrat hires a young man from the projects to be his caregiver.",8.5,736691
tt2582802,Whiplash,2014,"Drama, Music",106,Damien Chazelle,Damien Chazelle,Bold Films,"Miles Teller, J.K. Simmons, Paul Reiser, Melissa Benoist, Austin Stowell, Nate Lang, Chris Mulkey, Damon Gupton, Suanne Spoke, Max Kasch, Charlie Ian, Jayson Blair, Kofi Siriboe, Kavita Patil, C.J. Vana",A promising young drummer enrolls at a cut-throat music conservatory where his dreams of greatness are mentored by an instructor who will stop at nothing to realize a student's potential.,8.5,690732
tt7286456,Joker,2019,"Crime, Drama, Thriller",122,Todd Phillips,"Todd Phillips, Scott Silver",Warner Bros.,"Joaquin Phoenix, Robert De Niro, Zazie Beetz, Frances Conroy, Brett Cullen, Shea Whigham, Bill Camp, Glenn Fleshler, Leigh Gill, Josh Pais, Rocco Luna, Marc Maron, Sondra James, Murphy Guyer, Douglas Hodge","In Gotham City, mentally troubled comedian Arthur Fleck is disregarded and mistreated by society. He then embarks on a downward spiral of revolution and bloody crime. This path brings him face-to-face with his alter-ego: the Joker.",8.5,855097
tt0032553,The Great Dictator,1940,"Comedy, Drama, War",125,Charles Chaplin,Charles Chaplin,Charles Chaplin Productions,"Charles Chaplin, Jack Oakie, Reginald Gardiner, Henry Daniell, Billy Gilbert, Grace Hayle, Carter DeHaven, Paulette Goddard, Maurice Moscovitch, Emma Dunn, Bernard Gorcey, Paul Weigel, Chester Conklin, Esther Michelson, Hank Mann",Dictator Adenoid Hynkel tries to expand his empire while a poor Jewish barber tries to avoid persecution from Hynkel's regime.,8.4,197381
tt0043014,Sunset Blvd.,1950,"Drama, Film-Noir",110,Billy Wilder,"Charles Brackett, Billy Wilder",Paramount Pictures,"William Holden, Gloria Swanson, Erich von Stroheim, Nancy Olson, Fred Clark, Lloyd Gough, Jack Webb, Franklyn Farnum, Larry J. Blake, Charles Dayton, Cecil B. DeMille, Hedda Hopper, Buster Keaton, Anna Q. Nilsson, H.B. Warner",A screenwriter develops a dangerous relationship with a faded film star determined to make a triumphant return.,8.4,195789
tt0047396,Rear Window,1954,"Mystery, Thriller",112,Alfred Hitchcock,"John Michael Hayes, Cornell Woolrich",Alfred J. Hitchcock Productions,"James Stewart, Grace Kelly, Wendell Corey, Thelma Ritter, Raymond Burr, Judith Evelyn, Ross Bagdasarian, Georgine Darcy, Sara Berner, Frank Cady, Jesslyn Fax, Rand Harper, Irene Winston, Havis Davenport",A wheelchair-bound photographer spies on his neighbors from his apartment window and becomes convinced one of them has committed murder.,8.4,432390
tt0050825,Paths of Glory,1957,"Drama, War",88,Stanley Kubrick,"Stanley Kubrick, Calder Willingham",Bryna Productions,"Kirk Douglas, Ralph Meeker, Adolphe Menjou, George Macready, Wayne Morris, Richard Anderson, Joe Turkel, Christiane Kubrick, Jerry Hausner, Peter Capell, Emile Meyer, Bert Freed, Kem Dibbs, Timothy Carey, Fred Bell","After refusing to attack an enemy position, a general accuses the soldiers of cowardice and their commanding officer must defend them.",8.4,172671
tt0051201,Witness for the Prosecution,1957,"Crime, Drama, Mystery",116,Billy Wilder,"Agatha Christie, Billy Wilder",Edward Small Productions,"Tyrone Power, Marlene Dietrich, Charles Laughton, Elsa Lanchester, John Williams, Henry Daniell, Ian Wolfe, Torin Thatcher, Norma Varden, Una O'Connor, Francis Compton, Philip Tonge, Ruta Lee",A veteran British barrister must defend his client in a murder trial that has surprise after surprise.,8.4,104524
tt0057012,Dr. Strangelove or: How I Learned to Stop Worrying and Love the Bomb,1964,Comedy,95,Stanley Kubrick,"Stanley Kubrick, Terry Southern",Columbia Pictures,"Peter Sellers, George C. Scott, Sterling Hayden, Keenan Wynn, Slim Pickens, Peter Bull, James Earl Jones, Tracy Reed, Jack Creley, Frank Berry, Robert O'Neil, Glenn Beck, Roy Stephens, Shane Rimmer, Hal Galili",An insane general triggers a path to nuclear holocaust that a War Room full of politicians and generals frantically tries to stop.,8.4,441115
tt0078748,Alien,1979,"Horror, Sci-Fi",117,Ridley Scott,"Dan O'Bannon, Dan O'Bannon",Brandywine Productions,"Tom Skerritt, Sigourney Weaver, Veronica Cartwright, Harry Dean Stanton, John Hurt, Ian Holm, Yaphet Kotto, Bolaji Badejo, Helen Horton","After a space merchant vessel receives an unknown transmission as a distress call, one of the crew is attacked by a mysterious life form and they soon realize that its life cycle has merely begun.",8.4,768874
tt0078788,Apocalypse Now,1979,"Drama, Mystery, War",147,Francis Ford Coppola,"John Milius, Francis Ford Coppola",American Zoetrope,"Marlon Brando, Martin Sheen, Robert Duvall, Frederic Forrest, Sam Bottoms, Laurence Fishburne, Albert Hall, Harrison Ford, Dennis Hopper, G.D. Spradlin, Jerry Ziesmer, Scott Glenn, Bo Byers, James Keane, Kerry Rossall",A U.S. Army officer serving in Vietnam is tasked with assassinating a renegade Special Forces Colonel who sees himself as a god.,8.4,591251
tt0081505,The Shining,1980,"Drama, Horror",146,Stanley Kubrick,"Stephen King, Stanley Kubrick",Warner Bros.,"Jack Nicholson, Shelley Duvall, Danny Lloyd, Scatman Crothers, Barry Nelson, Philip Stone, Joe Turkel, Anne Jackson, Tony Burton, Lia Beldam, Billie Gibson, Barry Dennen, David Baxt, Manning Redwood, Lisa Burns","A family heads to an isolated hotel for the winter where a sinister presence influences the father into violence, while his psychic son sees horrific forebodings from both past and future.",8.4,869480
tt0082971,Raiders of the Lost Ark,1981,"Action, Adventure",115,Steven Spielberg,"Lawrence Kasdan, George Lucas",Paramount Pictures,"Harrison Ford, Karen Allen, Paul Freeman, Ronald Lacey, John Rhys-Davies, Denholm Elliott, Alfred Molina, Wolf Kahler, Anthony Higgins, Vic Tablian, Don Fellows, William Hootkins, Bill Reimbold, Fred Sorenson, Patrick Durkin","In 1936, archaeologist and adventurer Indiana Jones is hired by the U.S. government to find the Ark of the Covenant before",8.4,865510
tt0087843,Once Upon a Time in America,1984,"Crime, Drama",229,Sergio Leone,"Harry Grey, Leonardo Benvenuti",The Ladd Company,"Robert De Niro, James Woods, Elizabeth McGovern, Treat Williams, Tuesday Weld, Burt Young, Joe Pesci, Danny Aiello, William Forsythe, James Hayden, Darlanne Fluegel, Larry Rapp, Dutch Miller, Robert Harper, Richard Bright","A former Prohibition-era Jewish gangster returns to the Lower East Side of Manhattan over thirty years later, where he once again must confront the ghosts and regrets of his old life.",8.4,302317
tt0119698,Mononoke-hime,1997,"Animation, Adventure, Fantasy",134,Hayao Miyazaki,"Hayao Miyazaki, Neil Gaiman",DENTSU Music And Entertainment,"Billy Crudup, Billy Bob Thornton, Minnie Driver, John DiMaggio, Claire Danes, John DeMita, Jada Pinkett Smith, Gillian Anderson, Keith David, Corey Burton, Tara Strong, Julia Fletcher, Debi Derryberry, Alex Fernandez, Jack Fletcher","On a journey to find the cure for a Tatarigami's curse, Ashitaka finds himself in the middle of a war between the forest gods and Tatara, a mining colony. In this quest he also meets San, the Mononoke Hime.",8.4,331045
tt0209144,Memento,2000,"Mystery, Thriller",113,Christopher Nolan,"Christopher Nolan, Jonathan Nolan",Newmarket Capital Group,"Guy Pearce, Carrie-Anne Moss, Joe Pantoliano, Mark Boone Junior, Russ Fega, Jorja Fox, Stephen Tobolowsky, Harriet Sansom Harris, Thomas Lennon, Callum Keith Rennie, Kimberly Campbell, Marianne Muellerleile, Larry Holden",A man with short-term memory loss attempts to track down his wife's murderer.,8.4,1098879
tt0364569,Oldeuboi,2003,"Action, Drama, Mystery",120,Chan-wook Park,"Garon Tsuchiya, Nobuaki Minegishi",Egg Films,"Min-sik Choi, Ji-Tae Yoo, Hye-jeong Kang, Dae-han Ji, Dal-su Oh, Byeong-ok Kim, Seung-shin Lee, Jin-Seo Yoon, Dae-yeon Lee, Kwang-rok Oh, Tae-kyung Oh, Yeon-Seok Yoo, Il-han Oo, Su-hyeon Kim, Seung-jin Lee","After being kidnapped and imprisoned for fifteen years, Oh Dae-Su is released, only to find that he must find his captor in five days.",8.4,501082
tt0405094,Das Leben der Anderen,2006,"Drama, Mystery, Thriller",137,Florian Henckel von Donnersmarck,Florian Henckel von Donnersmarck,Wiedemann & Berg Filmproduktion,"Martina Gedeck, Ulrich Mühe, Sebastian Koch, Ulrich Tukur, Thomas Thieme, Hans-Uwe Bauer, Volkmar Kleinert, Matthias Brenner, Charly Hübner, Herbert Knaup, Bastian Trost, Marie Gruber, Volker Michalowski, Werner Daehn, Martin Brambach","In 1984 East Berlin, an agent of the secret police, conducting surveillance on a writer and his lover, finds himself becoming increasingly absorbed by their lives.",8.4,349642
tt0910970,WALL·E,2008,"Animation, Adventure, Family",98,Andrew Stanton,"Andrew Stanton, Pete Docter",FortyFour Studios,"Ben Burtt, Elissa Knight, Jeff Garlin, Fred Willard, MacInTalk, John Ratzenberger, Kathy Najimy, Sigourney Weaver, Teddy Newton, Bob Bergen, John Cygan, Pete Docter, Paul Eiding, Donald Fullilove, Teresa Ganzel","In the distant future, a small waste-collecting robot inadvertently embarks on a space journey that will ultimately decide the fate of mankind.",8.4,974734
tt0986264,Taare Zameen Par,2007,"Drama, Family",165,"Aamir Khan, Amole Gupte","Amole Gupte, Amole Gupte",Aamir Khan Productions,"Darsheel Safary, Aamir Khan, Tisca Chopra, Vipin Sharma, Sachet Engineer, Tanay Chheda, Lalitha Lajmi, Girija Oak, Ravi Khanvilkar, Pratima Kulkarni, Meghna Malik, Sonali Sachdev, Sanjay Dadich, Raaj Gopal Iyer, Bugs Bhargava","An eight-year-old boy is thought to be a lazy trouble-maker, until the new art teacher has the patience and compassion to discover the real problem behind his struggles in school.",8.4,161867
tt1187043,3 Idiots,2009,"Comedy, Drama",170,Rajkumar Hirani,"Rajkumar Hirani, Abhijat Joshi",Vinod Chopra Productions,"Aamir Khan, Madhavan, Sharman Joshi, Kareena Kapoor, Boman Irani, Omi Vaidya, Mona Singh, Olivier Lafont, Rahul Kumar, Parikshit Sahni, Farida Dadi, Amardeep Jha, Mukund Bhatt, Chaitali Bose, Javed Jaffrey","Two friends are searching for their long lost companion. They revisit their college days and recall the memories of their friend who inspired them to think differently, even as the rest of the world called them ""idiots"".",8.4,332217
tt1345836,The Dark Knight Rises,2012,"Action, Adventure",164,Christopher Nolan,"Jonathan Nolan, Christopher Nolan",Warner Bros.,"Christian Bale, Gary Oldman, Tom Hardy, Joseph Gordon-Levitt, Anne Hathaway, Marion Cotillard, Morgan Freeman, Michael Caine, Matthew Modine, Alon Aboutboul, Ben Mendelsohn, Burn Gorman, Daniel Sunjata, Aidan Gillen, Sam Kennard","Eight years after the Joker's reign of anarchy, Batman, with the help of the enigmatic Catwoman, is forced from his exile to save Gotham City from the brutal guerrilla terrorist Bane.",8.4,1480582
tt1853728,Django Unchained,2012,"Drama, Western",165,Quentin Tarantino,Quentin Tarantino,The Weinstein Company,"Jamie Foxx, Christoph Waltz, Leonardo DiCaprio, Kerry Washington, Samuel L. Jackson, Walton Goggins, Dennis Christopher, James Remar, David Steen, Dana Gourrier, Nichole Galicia, Laura Cayouette, Ato Essandoh, Sammi Rotibi, Clay Donahue Fontenot","With the help of a German bounty hunter, a freed slave sets out to rescue his wife from a brutal Mississippi plantation owner.",8.4,1317856
tt2380307,Coco,2017,"Animation, Adventure, Family",105,"Lee Unkrich, Adrian Molina","Lee Unkrich, Jason Katz",Walt Disney Pictures,"Anthony Gonzalez, Gael García Bernal, Benjamin Bratt, Alanna Ubach, Renee Victor, Jaime Camil, Alfonso Arau, Herbert Siguenza, Gabriel Iglesias, Lombardo Boyar, Ana Ofelia Murguía, Natalia Cordova-Buckley, Selene Luna, Edward James Olmos, Sofía Espinosa","Aspiring musician Miguel, confronted with his family's ancestral ban on music, enters the Land of the Dead to find his great-great-grandfather, a legendary singer.",8.4,352455
tt4154756,Avengers: Infinity War,2018,"Action, Adventure, Sci-Fi",149,"Anthony Russo, Joe Russo","Christopher Markus, Stephen McFeely",Marvel Studios,"Robert Downey Jr., Chris Hemsworth, Mark Ruffalo, Chris Evans, Scarlett Johansson, Don Cheadle, Benedict Cumberbatch, Tom Holland, Chadwick Boseman, Zoe Saldana, Karen Gillan, Tom Hiddleston, Paul Bettany, Elizabeth Olsen, Anthony Mackie",The Avengers and their allies must be willing to sacrifice all in an attempt to defeat the powerful Thanos before his blitz of devastation and ruin puts an end to the universe.,8.4,796486
tt4154796,Avengers: Endgame,2019,"Action, Adventure, Drama",181,"Anthony Russo, Joe Russo","Christopher Markus, Stephen McFeely",Marvel Studios,"Robert Downey Jr., Chris Evans, Mark Ruffalo, Chris Hemsworth, Scarlett Johansson, Jeremy Renner, Don Cheadle, Paul Rudd, Benedict Cumberbatch, Chadwick Boseman, Brie Larson, Tom Holland, Karen Gillan, Zoe Saldana, Evangeline Lilly",After the devastating events of,8.4,754786
tt4633694,Spider-Man: Into the Spider-Verse,2018,"Animation, Action, Adventure",117,"Bob Persichetti, Peter Ramsey","Phil Lord, Rodney Rothman",Sony Pictures Entertainment (SPE),"Shameik Moore, Jake Johnson, Hailee Steinfeld, Mahershala Ali, Brian Tyree Henry, Lily Tomlin, Luna Lauren Velez, Zoë Kravitz, John Mulaney, Kimiko Glenn, Nicolas Cage, Kathryn Hahn, Liev Schreiber, Chris Pine, Natalie Morales","Teen Miles Morales becomes the Spider-Man of his universe, and must join with five spider-powered individuals from other dimensions to stop a threat for all realities.",8.4,335892
tt5074352,Dangal,2016,"Action, Biography, Drama",161,Nitesh Tiwari,"Piyush Gupta, Shreyas Jain",Aamir Khan Productions,"Aamir Khan, Fatima Sana Shaikh, Sanya Malhotra, Sakshi Tanwar, Aparshakti Khurana, Zaira Wasim, Suhani Bhatnagar, Ritvik Sahore, Girish Kulkarni, Ravi Aneja, Anurag Arora, Mahesh Balraj, Vivan Bhatena, Anmol Charan, Karamveer Choudhary",Former wrestler,8.4,147907
tt5311514,Kimi no na wa.,2016,"Animation, Drama, Fantasy",106,Makoto Shinkai,"Makoto Shinkai, Makoto Shinkai",Amuse,"Ryûnosuke Kamiki, Mone Kamishiraishi, Ryô Narita, Aoi Yûki, Nobunaga Shimazaki, Kaito Ishikawa, Kanon Tani, Masaki Terasoma, Sayaka Ôhara, Kazuhiko Inoue, Chafûrin, Kana Hanazawa, Yuka Terasaki, Takashi Onozuka, Yôhei Namekawa","Two strangers find themselves linked in a bizarre way. When a connection forms, will distance be the only thing to keep them apart?",8.4,178480
tt8267604,Capharnaüm,2018,Drama,126,Nadine Labaki,"Nadine Labaki, Jihad Hojeily",Mooz Films,"Zain Al Rafeea, Yordanos Shiferaw, Boluwatife Treasure Bankole, Kawsar Al Haddad, Fadi Yousef, Cedra Izzam, Alaa Chouchnieh, Elias Khoury, Mohammad Al Abdallah, Mohamad Abdellatif, Abdo Abdo, Hampig Abraham, Jamil Ahmad, Mohamad Akkar, Elias Akobegia","While serving a five-year sentence for a violent crime, a 12-year-old boy sues his parents for neglect.",8.4,53506
tt0012349,The Kid,1921,"Comedy, Drama, Family",68,Charles Chaplin,Charles Chaplin,Charles Chaplin Productions,"Carl Miller, Edna Purviance, Jackie Coogan, Charles Chaplin","The Tramp cares for an abandoned child, but events put that relationship in jeopardy.",8.3,109038
tt0017136,Metropolis,1927,"Drama, Sci-Fi",153,Fritz Lang,"Thea von Harbou, Thea von Harbou",Universum Film (UFA),"Alfred Abel, Gustav Fröhlich, Rudolf Klein-Rogge, Fritz Rasp, Theodor Loos, Erwin Biswanger, Heinrich George, Brigitte Helm","In a futuristic city sharply divided between the working class and the city planners, the son of the city's mastermind falls in love with a working class prophet who predicts the coming of a savior to mediate their differences.",8.3,156076
tt0022100,M - Eine Stadt sucht einen Mörder,1931,"Crime, Mystery, Thriller",117,Fritz Lang,"Thea von Harbou, Fritz Lang",Nero-Film AG,"Peter Lorre, Ellen Widmann, Inge Landgut, Otto Wernicke, Theodor Loos, Gustaf Gründgens, Friedrich Gnaß, Fritz Odemar, Paul Kemp, Theo Lingen, Rudolf Blümner, Georg John, Franz Stein, Ernst Stahl-Nachbaur, Gerhard Bienert","When the police in a German city are unable to catch a child-murderer, other criminals join in the manhunt.",8.3,139271
tt0033467,Citizen Kane,1941,"Drama, Mystery",119,Orson Welles,"Herman J. Mankiewicz, Orson Welles",RKO Radio Pictures,"Joseph Cotten, Dorothy Comingore, Agnes Moorehead, Ruth Warrick, Ray Collins, Erskine Sanford, Everett Sloane, William Alland, Paul Stewart, George Coulouris, Fortunio Bonanova, Gus Schilling, Philip Van Zandt, Georgia Backus, Harry Shannon","Following the death of publishing tycoon Charles Foster Kane, reporters scramble to uncover the meaning of his final utterance; 'Rosebud'.",8.3,389322
tt0036775,Double Indemnity,1944,"Crime, Drama, Film-Noir",107,Billy Wilder,"Billy Wilder, Raymond Chandler",Paramount Pictures,"Fred MacMurray, Barbara Stanwyck, Edward G. Robinson, Porter Hall, Jean Heather, Tom Powers, Byron Barr, Richard Gaines, Fortunio Bonanova, John Philliber",An insurance representative lets himself be talked by a seductive housewife into a murder/insurance fraud scheme that arouses the suspicion of an insurance investigator.,8.3,139564
tt0040522,Ladri di biciclette,1948,Drama,89,Vittorio De Sica,"Cesare Zavattini, Luigi Bartolini",Produzioni De Sica (PDS),"Lamberto Maggiorani, Enzo Staiola, Lianella Carell, Elena Altieri, Gino Saltamerenda, Giulio Chiari, Vittorio Antonucci, Michele Sakara, Fausto Guerzoni, Emma Druetti, Carlo Jachino","In post-war Italy, a working-class man's bicycle is stolen. He and his son set out to find it.",8.3,141507
tt0044741,Ikiru,1952,Drama,143,Akira Kurosawa,"Akira Kurosawa, Shinobu Hashimoto",Toho Company,"Takashi Shimura, Shin'ichi Himori, Haruo Tanaka, Minoru Chiaki, Miki Odagiri, Bokuzen Hidari, Minosuke Yamada, Kamatari Fujiwara, Makoto Kobori, Nobuo Kaneko, Nobuo Nakamura, Atsushi Watanabe, Isao Kimura, Masao Shimizu, Yûnosuke Itô",A bureaucrat tries to find a meaning in his life after he discovers he has terminal cancer.,8.3,65369
tt0045152,Singin' in the Rain,1952,"Comedy, Musical, Romance",103,"Stanley Donen, Gene Kelly","Betty Comden, Adolph Green",Metro-Goldwyn-Mayer (MGM),"Gene Kelly, Donald O'Connor, Debbie Reynolds, Jean Hagen, Millard Mitchell, Cyd Charisse, Douglas Fowley, Rita Moreno",A silent film production company and cast make a difficult transition to sound.,8.3,213152
tt0052357,Vertigo,1958,"Mystery, Romance, Thriller",128,Alfred Hitchcock,"Alec Coppel, Samuel A. Taylor",Alfred J. Hitchcock Productions,"James Stewart, Kim Novak, Barbara Bel Geddes, Tom Helmore, Henry Jones, Raymond Bailey, Ellen Corby, Konstantin Shayne, Lee Patrick",A former police detective juggles wrestling with his personal demons and becoming obsessed with a hauntingly beautiful woman.,8.3,352786
tt0053125,North by Northwest,1959,"Adventure, Mystery, Thriller",136,Alfred Hitchcock,Ernest Lehman,Metro-Goldwyn-Mayer (MGM),"Cary Grant, Eva Marie Saint, James Mason, Jessie Royce Landis, Leo G. Carroll, Josephine Hutchinson, Philip Ober, Martin Landau, Adam Williams, Edward Platt, Robert Ellenstein, Les Tremayne, Philip Coolidge, Patrick McVey, Edward Binns",A New York City advertising executive goes on the run after being mistaken for a government agent by a group of foreign spies.,8.3,291628
tt0053604,The Apartment,1960,"Comedy, Drama, Romance",125,Billy Wilder,"Billy Wilder, I.A.L. Diamond",The Mirisch Corporation,"Jack Lemmon, Shirley MacLaine, Fred MacMurray, Ray Walston, Jack Kruschen, David Lewis, Hope Holiday, Joan Shawlee, Naomi Stevens, Johnny Seven, Joyce Jameson, Willard Waterman, David White, Edie Adams","A man tries to rise in his company by letting its executives use his apartment for trysts, but complications and a romance of his own ensue.",8.3,158999
tt0056172,Lawrence of Arabia,1962,"Adventure, Biography, Drama",228,David Lean,"T.E. Lawrence, Robert Bolt",Horizon Pictures (II),"Peter O'Toole, Alec Guinness, Anthony Quinn, Jack Hawkins, Omar Sharif, José Ferrer, Anthony Quayle, Claude Rains, Arthur Kennedy, Donald Wolfit, I.S. Johar, Gamil Ratib, Michel Ray, John Dimech, Zia Mohyeddin",The story of,8.3,261504
tt0059578,Per qualche dollaro in più,1965,Western,132,Sergio Leone,"Sergio Leone, Fulvio Morsella",Produzioni Europee Associate (PEA),"Clint Eastwood, Lee Van Cleef, Gian Maria Volontè, Mara Krupp, Luigi Pistilli, Klaus Kinski, Luis Rodríguez, Benito Stefanelli, Panos Papadopulos, Aldo Sambrell, Roberto Camardiel, Joseph Egger, Tomás Blanco, Lorenzo Robledo, Dante Maggio",Two bounty hunters with the same intentions team up to track down a Western outlaw.,8.3,226039
tt0062622,2001: A Space Odyssey,1968,"Adventure, Sci-Fi",149,Stanley Kubrick,"Stanley Kubrick, Arthur C. Clarke",Metro-Goldwyn-Mayer (MGM),"Keir Dullea, Gary Lockwood, William Sylvester, Daniel Richter, Leonard Rossiter, Margaret Tyzack, Robert Beatty, Sean Sullivan, Douglas Rain, Frank Miller, Bill Weston, Ed Bishop, Glenn Beck, Alan Gifford, Ann Gillis","After discovering a mysterious artifact buried beneath the Lunar surface, mankind sets off on a quest to find its origins with help from intelligent supercomputer H.A.L. 9000.",8.3,587866
tt0066921,A Clockwork Orange,1971,"Crime, Drama, Sci-Fi",136,Stanley Kubrick,"Stanley Kubrick, Anthony Burgess",Warner Bros.,"Malcolm McDowell, Patrick Magee, Michael Bates, Warren Clarke, John Clive, Adrienne Corri, Carl Duering, Paul Farrell, Clive Francis, Michael Gover, Miriam Karlin, James Marcus, Aubrey Morris, Godfrey Quigley, Sheila Raynor","In the future, a sadistic gang leader is imprisoned and volunteers for a conduct-aversion experiment, but it doesn't go as planned.",8.3,740301
tt0070735,The Sting,1973,"Comedy, Crime, Drama",129,George Roy Hill,David S. Ward,Zanuck/Brown Productions,"Paul Newman, Robert Redford, Robert Shaw, Charles Durning, Ray Walston, Eileen Brennan, Harold Gould, John Heffernan, Dana Elcar, Jack Kehoe, Dimitra Arliss, Robert Earl Jones, James Sloyan, Charles Dierkop, Lee Paul",Two grifters team up to pull off the ultimate con.,8.3,236285
tt0075314,Taxi Driver,1976,"Crime, Drama",114,Martin Scorsese,Paul Schrader,Columbia Pictures,"Diahnne Abbott, Frank Adu, Victor Argo, Gino Ardito, Garth Avery, Peter Boyle, Albert Brooks, Harry Cohn, Copper Cunningham, Robert De Niro, Brenda Dickson, Harry Fischler, Jodie Foster, Nat Grant, Leonard Harris","A mentally unstable veteran works as a nighttime taxi driver in New York City, where the perceived decadence and sleaze fuels his urge for violent action by attempting to liberate a presidential campaign worker and an underage prostitute.",8.3,703264
tt0082096,Das Boot,1981,"Adventure, Drama, Thriller",149,Wolfgang Petersen,"Wolfgang Petersen, Lothar G. Buchheim",Bavaria Film,"Jürgen Prochnow, Herbert Grönemeyer, Klaus Wennemann, Hubertus Bengsch, Martin Semmelrogge, Bernd Tauber, Erwin Leder, Martin May, Heinz Hoenig, Uwe Ochsenknecht, Claude-Oliver Rudolph, Jan Fedder, Ralf Richter, Joachim Bernhard, Oliver Stritzel","The claustrophobic world of a WWII German U-boat; boredom, filth and sheer terror.",8.3,226427
tt0086190,Star Wars: Episode VI - Return of the Jedi,1983,"Action, Adventure, Fantasy",131,Richard Marquand,"Lawrence Kasdan, George Lucas",Lucasfilm,"Mark Hamill, Harrison Ford, Carrie Fisher, Billy Dee Williams, Anthony Daniels, Peter Mayhew, Sebastian Shaw, Ian McDiarmid, Frank Oz, James Earl Jones, David Prowse, Alec Guinness, Kenny Baker, Michael Pennington, Kenneth Colley","After a daring mission to rescue Han Solo from Jabba the Hutt, the Rebels dispatch to Endor to destroy the second Death Star. Meanwhile, Luke struggles to help Darth Vader back from the dark side without falling into the Emperor's trap.",8.3,928036
tt0086250,Scarface,1983,"Crime, Drama",170,Brian De Palma,Oliver Stone,Universal Pictures,"Al Pacino, Steven Bauer, Michelle Pfeiffer, Mary Elizabeth Mastrantonio, Robert Loggia, Miriam Colon, F. Murray Abraham, Paul Shenar, Harris Yulin, Ángel Salazar, Arnaldo Santana, Pepe Serna, Michael P. Moran, Al Israel, Dennis Holahan","In 1980 Miami, a determined Cuban immigrant takes over a drug cartel and succumbs to greed.",8.3,721343
tt0086879,Amadeus,1984,"Biography, Drama, History",160,Milos Forman,"Peter Shaffer, Peter Shaffer",AMLF,"F. Murray Abraham, Tom Hulce, Elizabeth Berridge, Roy Dotrice, Simon Callow, Christine Ebersole, Jeffrey Jones, Charles Kay, Kenneth McMillan, Kenny Baker, Lisbeth Bartlett, Barbara Bryne, Martin Cavina, Roderick Cook, Milan Demjanenko","The life, success and troubles of",8.3,361028